{
  "project_info": {
    "project_number": "1003496273600",
    "firebase_url": "https://btpmha-default-rtdb.firebaseio.com",
    "project_id": "btpmha",
    "storage_bucket": "btpmha.appspot.com"
  },
  "client": [
    {
      "client_info": {
        "mobilesdk_app_id": "1:1003496273600:android:18b6a65ca6c7c752a79f25",
        "android_client_info": {
          "package_name": "com.google.firebase.quickstart.auth"
        }
      },
      "oauth_client": [
        {
          "client_id": "1003496273600-jh780smu8hhr1hlrfti72qrkk0o6uq9a.apps.googleusercontent.com",
          "client_type": 1,
          "android_info": {
            "package_name": "com.google.firebase.quickstart.auth",
            "certificate_hash": "9806198c68119d3f85d3ae742e5db66f892fb350"
          }
        },
        {
          "client_id": "1003496273600-l7htdrik4806fkq3ifbq8dfho3tvvnba.apps.googleusercontent.com",
          "client_type": 1,
          "android_info": {
            "package_name": "com.google.firebase.quickstart.auth",
            "certificate_hash": "1fe3f7923633d6ded2f6baf492eca9f86336c31d"
          }
        },
        {
          "client_id": "1003496273600-c8g0s96ccq2m0i95mdihaspg69tdlphc.apps.googleusercontent.com",
          "client_type": 3
        }
      ],
      "api_key": [
        {
          "current_key": "AIzaSyBexSGBqWHl3JIgtE9F2KAsG1NFe0cGKjk"
        }
      ],
      "services": {
        "appinvite_service": {
          "other_platform_oauth_client": [
            {
              "client_id": "1003496273600-c8g0s96ccq2m0i95mdihaspg69tdlphc.apps.googleusercontent.com",
              "client_type": 3
            }
          ]
        }
      }
    }
  ],
  "configuration_version": "1"
}